Model name,ROC-AUC
knn,0.939
log_reg,0.857
gauss_nb,0.8729607018637147
svc,0.8871510317521701
lda,0.8571347240480452
qda,0.8801001538220596
